index,english,maro
1,The sun was rising above the ocean.,gofhukot gugiribarobu fuslo sap
2,"The water was calm, without movement, like a large blue mirror.",kankot demababu redna vil rokkot sip rinostud demabu rebu
3,"Iain stood on the shore, taking in the breeze.",vimkot botibabu hov vitvaser vil rusa pisbabu sarufukot
4,The smell of the sea was in the air.,gewvif zultekbabu petvukot
5,He heard the singing of the birds on the hill.,rusa busembabu vahmegvekkot huw hov tuwiki
6,"His memory returned to his elderly neighbor, who used to say that there will be a good day when the bay is quiet.",gifeskokot rusa kolrebabu linawud righevi ki rusa vil rusa vuwbabu kahotos vil linvugkot sipuna tunenovbu pemlip wakot demabu ke
7,Iain smiled and continued along the path.,vimkot tumababu vil vimkot lafhavhirbabu kimkilop fo
8,"The path wound upward, away from the wet sand and into the tall, dew-kissed grass of the cliffside.",fokot tabosapbabu gidwu puvegu me pevfe vil leg volbi gedina wepe kel
9,"With every step, the rhythmic hum of the cicadas grew louder, blending with the distant, melodic whistling of the stonechats nesting on the hill.",kesis padbe nu hivkot pideka hugi gugiribabu kev mek vil desaru bip wipero zusolsit mudov hov tuwiki
10,He reached the crest of the ridge where his neighbor's old cottage stood.,rusa hokagagbabu tibhiggulkot pi fuk vazsewkot ki righevi rusa botibabu
11,"Its whitewashed walls were weathered by decades of salt and wind, but the garden was still bursting with wild sea pinks and rosemary.",lurluzevif tehu hewtohobabu gogakekot ki mid huzli pudbaskot foga favbabu mi gawgug zir
12,"Iain paused by the stone wall, looking back down at the vast, glassy expanse of the Atlantic.",vimkot zibobabu fazud gogake do vil vimkot bagrapusbabu fomka lalovpi vova wif fihdifik ga durogu sip
13,"For the first time in months, the persistent noise in his own mind felt as still as the water below.",vugonelof fehu lek pomemiv zisrorekot nanab naddababu foga lek mar rusa modazi rebu foga kan lalovpi
14,"He reached into his jacket pocket, his fingers brushing against the brass key the old man had left him.",rusa hokagagbabu leg gidahu tib rusa vil megiv rusa gurbabu bamkutu darmakot ra vil lirdelvif ki zatobebawubu rusa
15,"It was time to open the shutters, let the morning light in, and begin the work they had so often talked about.",fehukot demababu vil kavbu howi vil hewtohobu maffikot nenovbu lek vil negvebu metkot vil finud kahotos kuvhugunbabu
16,"The latch on the garden gate clicked, the sound crisp in the morning air.",pukot mibov pudbas gizgebabu vil gintukot demababu lahbow lek ni gew
17,"Iain turned to see a woman standing at the edge of the path, holding a canvas tote bag and a pair of worn walking boots by the laces.",vimkot lamokbabu vil vimkot dibabu sumfukot boti vova kutisli fo vil zultek nezkot nesvinig vil zinkot dan wupliw fohlop fazud pemi
18,"She looked to be around his own age, with wind-roughened cheeks and a quiet, observant look in her eyes.",nim demababu rebu rusa vil waniwkot viduk vil bagrapus ke gawup lek fakot nim
19,"""I didn't mean to startle you,"" she said, her voice soft so as not to disturb the silence of the hill.",wihimab huno zedawbabu vil wihimab hepgebabu fansome vil nim vuwbabu vil lufkot nim lene vil huno suwuldibu logfavbikot tuwiki
20,"""I'm Clara.",wihimab demabu demsekwe
21,"I used to help your neighbor with his garden on weekends.""",wihimab davafta vohihbabu righevikot fansome kesis pudbas rusa hov sekpod
22,"Iain let go of the key in his pocket and offered a small, welcoming nod.",vimvif hewtohobabu darmakot widasom puvegu gidahu rusa vil vimvif potakbabu hatez favkeg pivvil
23,"""Iain.",vim
24,He spoke about you.,rusa kuvhugunbabu fansome
25,"He said you had a knack for keeping the rosemary alive against the sea wind.""",rusa vuwbabu vil fansome rakirbabu bozfapkot vil fansome vashotebu zirkot hakah bamkutu durogu tehu
26,"Clara smiled faintly, looking past him toward the motionless bay.",demsekwekot tumababu rud vil demsekwekot bagrapusbabu fazud rusa zu wa rozta
27,"""He always claimed the bay could predict the mood of the town.",rusa davafta refbabu vil wavif hamuse sumnungebu bizkot humdu
28,"On mornings like this, he said, it's giving everyone a chance to catch their breath.""",hov ni rebu wuksumzat vil rusa vuwbabu vil rib vofmobu zoza kuglokot nuznebu bewkot finud
29,She set her boots down on the grass.,nim fasevbabu zinkot nim lalovpi hov volbi
30,"""I heard you were coming down to sort through the house.",wihimab busembabu vil fansome nenovbarobu linawud retgivbu hazih degfakot
31,"It's a lot of history for one person to carry.""",rib demabu penis kot vil bevif vugone nasodbu
32,"The two of them stood in silence for a moment, watching a lone gannet glide effortlessly over the mirror-like water, both grateful for the shared understanding that some mornings required very few words.",finud pehfo botibabu lek logfavbi kigmodnudo vil finud hebabu seluvsofkot gul zalasbu rewnafi bi kan rebu rok vil dasovveb mudim rapo lub vil zo ni dohzawbabu nimiklam kipu
33,"Clara reached into her canvas tote bag, her fingers shifting past garden shears and twine before pulling out a small, leather-bound ledger.",demsekwekot hokagagbabu leg nez nesvinig nim vil megiv nim hihmebabu bukot mowtomfi vil dalebu puvegu tikot favkeg wu
34,The edges were dark with oil from frequent handling.,kutislikot demababu rotasa kesis randudkot puvegu ril nuhiwu
35,"""He told me to give you this when you finally arrived,"" Clara said, stepping closer to hand it over.",rusa pagebabu wihimab vil vofmobu fansome wuksumzat pemlip fansome su nenovbabu vil demsekwe vuwbabu vil nim wupliwbabu fazud vil vofmobu rib
36,"""He knew you were carrying a heavy burden from the city.",rusa zabwokkugbabu vil fansome nasodbabambu doda sobekot puvegu zas
37,"He always said you were trying to solve the future before living the present.""",rusa davafta vuwbabu vil fansome midebabambu vil sishikrebu sitrafkot vil sovobu hotovkot
38,"Iain took the book, the leather cool against his palm.",vimvif pisbabu fuspukot vil wukot demababu losuvhaw bamkutu torikolkot rusa
39,"He flipped it open to the first page, recognizing his neighbor's sharp, slanted handwriting.",rusa lamokbabu rib kav vova hudkot vugonelof vil rusa bebekfibabu lukot vemozuz mabi righevi rusa
40,"There was no grand manifesto, just a single note scrawled across the center: ""The sea doesn't try to calm the storm; it simply waits for the wind to change.",huno sip vemokot vil ruto nulwodrokot milpenbabu lasis rizuk vil duroguvif huno midebu vil rednabu zikot vil rib favabu vil tehu zasobu
41,"Give yourself permission to be still until your own weather clears.""",vofmobu fansome sumlibkot vil demabu foga vil gardukot fansome modazi mezru
42,"Iain looked up from the page, a sudden tightness clearing from his chest.",vimkot bagrapusbabu puvegu hudkot vil wibikot gawote zatobebabu puvegu sakot rusa
43,"Clara simply nodded, giving him the space to let the words sink in.",demsekwekot minwurol hatezbabu vil vofmobabu rusa tumrukot vil kipukot hatgihbu lek
44,"The tide was beginning its slow, silent retreat, but for the first time in a very long time, Iain felt no urge to rush after it.",vohuwokot demababu negvebarobu detto ke gonnovkot huzli vugonelof fehu lek buwolu fehu vimkot naddababu huno lilkot vil guwbu
45,"Iain turned to the heavy oak door of the cottage, the brass key fitting perfectly into the old, oiled lock.",vimkot lamokbabu vova tavtekot doda ved vazsew vil darmakot ra detebabu gumobu leg vosidkot ki randud
46,"With a firm turn, the mechanism clicked open, and the door swung inward with a gentle groan.",pabkot gizgebabu kav vil tavtekot kumtahobabu bo vil wezkot gegseze
47,"The air inside smelled faintly of dried lavender, woodsmoke, and old paper.",gewvif zultekbabu pahekot rud vil siwkot muvzes vil pobakot vil molusgakot ki
48,Dust motes danced in the thin shafts of sunlight cutting through the wooden shutters.,natdunkot favkeg nufbabu lek malonukot fafi fozfo vil vupbu hazih howikot pow
49,"As Iain stepped across the threshold, Clara followed quietly, her eyes sweeping over the familiar living room.",vimkot wupliwbabu lasis wokot vil demsekwekot nupembabu ke vil fakot nim sokbabu bi nopnovakot lod
50,"Sitting squarely on the heavy kitchen table was a large, cloth-wrapped object, alongside a neatly stacked pile of cedar planks and a box of hand tools.",lukmufkot sip so tozora fimababu loruwig hov zuvhuwkot doda zano vil tozukot horanaf zuv wagtugu katit vil gozezkot wadhihvam ze
51,Placed right on top was a blueprint for a clinker-built wooden dinghy.,dufkot demababu hov meniw vil vavukot rambabu pow
52,"His neighbor hadn't just left him a house; he had left him a meticulous, hands-on project to build, a way to anchor his thoughts and focus his mind on one plank of wood at a time.",righevivif rusa huno zatobebawubu rusa degfakot vil rusa zatobebawubu rusa gosezkot raba ze rambu vil piwkot kalvibu gosikot rusa vil guzelbu markot rusa hov katitkot vugone pow vova fehukot
53,"""He started collecting the timber last winter,"" Clara said softly, stepping up beside the table.",rusa tawbabu gesabarobu powkot ki mokot vil demsekwe vuwbabu lene vil nim wupliwbabu fazud zuvhuwkot
54,"""He told me he was cutting it for a friend who needed to learn how to build something from the shore up.""",rusa pagebabu wihimab vil rusa vupbabambu rib vil gevif mubabu talwabu rambu lukmufkot puvegu vitvaserkot fuslo
55,Iain ran his fingers over the smooth cedar.,vimkot kubabu megivkot rusa bi wagtugukot tubo
56,"The quiet drama of his grief and exhaustion felt manageable here, transformed into a physical task waiting for his hands.",wizakot ke gilbabokot rusa vil vusamakot naddababu natuba vil nefebabu leg tusokot savasval vil favabu zekot rusa
57,"Iain looked up from the blueprint, the intricate lines of the clinker-built dinghy mapping out a clear path forward.",vimkot bagrapusbabu puvegu dufkot vil kubkot wet vavukot rambu biguhbabu fokot mezru sowa
58,"He picked up the first cedar plank, its weight solid and grounding in his hands.",rusa tusbabu fuslo katitkot wagtugu vugonelof vil holokot rib pefge vil fusbarkot lek zekot rusa
59,"""He always said the best way to fix a broken mind was to work with something that doesn't argue back,"" Clara murmured, a small smile touching her lips.",rusa davafta vuwbabu vil piwkot powvel wibu markot te demabu vil metbu lukmufkot huno zovnekbu fomka vil demsekwe forwebabu vil tuma favkeg rodivbabu dakot nim
60,She set her tote bag on a nearby chair and rolled up her sleeves.,nim fasevbabu nezkot nim hov kerawafkot hif vil hahbobabu netkot nim
61,"""The frames need to be set first.",tinkot mubu demabu fasevbu vugonelof
62,"I can help hold them in place if you're ready to begin.""",wihimab hamuse vohihbu zultekbu finud lek riparkot vil fansome demabu wubzu negvebu
63,"Iain looked from the timber to the open window, where the scent of the salt air was slowly chasing away the mustiness of the closed-up cottage.",vimkot bagrapusbabu puvegu powkot vova zikugkot kav vil fuk pahekot gewkot lurluze demababu movug hugdivbarobu fipfupvo vazsewkot
64,"The frantic, overwhelming pressure of the city felt miles away, replaced by the simple, honest scent of fresh wood and the quiet presence of a new friend.",lopakot feta hune zaskot naddababu nuhvukot vil hibibabu fazud pahekot gehler zalrola wisuzkot pukela vil besebkot ke gekot runap
65,"""I'm ready,"" Iain said, his voice clearer than it had been in months.",wihimab demabu wubzu vil vimkot vuwbabu vil lufkot rusa mezru rebu rib demabadonbu lek pomemivkot
66,"Together, they carried the first pieces of timber out into the sunlit garden, setting up a makeshift workspace on the grass beside the wild rosemary.",lavmo finud nasodbabu korkot powkot vugonelof leg pudbaskot fozfo vil fasevbabu riparkot hewtohobu metkot tumrukot hov volbikot fazud zirkot gawgug
67,"As the afternoon rolled in, the quiet of the bay was punctuated by the rhythmic, comforting sounds of measuring, sawing, and the steady tap of a hammer.",rokot hahbobabu lek vil ke wakot demababu wombabu fazud gintukot pideka pozto vil gubu vil fesbu vil roha dihu fevutkot
68,"For the first time, Iain wasn't looking ahead to the next hour or the next day; he was exactly where he needed to be.",vugonelof fehukot vimkot huno bagrapusbarobu vova hofakot kev vil linvugkot kev vil rusa demababu zuk fuk rusa mubabu demabu
69,"Six months later, the Atlantic bay was just as calm and mirror-like as the morning Iain had first arrived.",pomemivkot relabas pidgaf wakot durogu sip demababu gemurat rebu redna vil rebu rok vil nikot vimkot dabruvbawubu vugonelof
70,"The completed clinker-built dinghy rested at the water's edge, its fresh coat of marine varnish gleaming under the soft morning sun.",vavukot hifewoz rambabu bavbabu vova kutislikot kankot vil voropabkot rib pukela vutagokot tul nokbabu fi gofhukot ni lene
71,The rich scent of cedar blended with the familiar salt air.,pahekot hubosib wagtugukot sarwiwbabu vil gewkot lod lurluze
72,"Clara stood by the bow, holding the launch line, while Iain took his place at the stern, his hands calloused and strong from half a year of honest labor.",demsekwekot botibabu fazud gevkot vil zultekbarobu kubkot kekfekot vil vimkot pisbabu riparkot rusa vova nivamugkot vil zekot rusa gesvu vil wezeham puvegu mib nunokot bizsuhukot zalrola
73,"The heavy burden he had carried from the city had lifted, replaced by the steady rhythm of the shore.",sobekot doda rusa nasodbawubu puvegu zaskot woppobadonbu vil hibibawubu fazud digakot dihu vitvaserkot
74,"""She's ready,"" Clara said, her quiet, observant eyes reflecting the blue of the water.",nim demabu wubzu vil demsekwekot vuwbabu vil fakot nim ke gawup simufbarobu rinostud kankot
75,"""The tide is perfect.""",vohuwokot demabu gumobu
76,"With a coordinated push, the wooden keel slid smoothly over the wet sand and into the calm Atlantic.",medlenkot pow povhoksawbabu tubo bi mekot pevfe vil leg durogukot sip redna
77,"The boat floated effortlessly, bobbing with a gentle, natural grace.",tezamivkot paditbabu rewnafi vil nababambu madekot gegseze figibmod
78,"Iain stepped aboard, the cedar planks solid beneath his boots, and took up the oars he had carved by hand.",vimkot wupliwbabu vil katitkot wagtugu pefge fi zinkot rusa vil pisbabu bohukot rusa vibadonbu fazud zekot
79,"As he pulled back, rowing out into the glassy expanse, the rhythmic dip of the blades was the only sound breaking the silence of the hill.",rusa dalebabu fomka vil vebabambu leg wifkot ga vil folovkot pideka mekogvakot demababu vamul gintukot vil mogovwabarobu logfavbikot tuwikikot
80,"Looking back at the weathered whitewashed cottage on the ridge, Iain realized his neighbor had been right: he hadn't just built a boat; he had built a new way to live.",vimkot bagrapusbabu fomka vova vazsewkot semo mid hov pikot vil lufnebabu righevikot rusa demabadonbu habe vil rusa huno rambawubu tezamivkot vil rusa rambawubu piwkot runap sovobu
81,"The destination they had spoken about all winter was Gull Island, a small, craggy outcrop three miles across the open water, where the ruins of an old stone beacon stood.",zumkot finud kuvhugunbawubu mokot demababu tevnaplekot mosolekot vil ruzumvopkot favkeg somo nuhvukot hawwom lasis kankot kav vil fuk gepdarkot nosukot dokot ki botibabu
82,"As Iain pulled on the oars, the dinghy glided smoothly through the glassy water.",vimkot dalebabu bohukot vil vavukot zalasbabu tubo hazih kankot ga
83,The rhythmic creak of the rowlocks and the soft splash of the blades were the only sounds in the quiet morning air.,kahisekot pideka kinvatokot vil fezekkot lene mekogvakot demababu vamul gintukot lek gewkot ni ke
84,"Clara sat in the bow, navigating by the landmarks on the distant shore-the weathered cottage on the ridge getting smaller with every stroke.",demsekwekot fimababu lek gevkot vil beknebabambu fazud lekihkot hov vitvaserkot wipero vil vazsewkot semo hov pikot rowhibbarobu favkeg kesis tozmukot padbe
85,"Halfway across the bay, the deep blue water shifted to a brilliant, clear turquoise as they passed over a shallow sandbar.",mib lasis wakot vil kankot rinostud widol hihmebabu vova guza ho mezru vil finud mulebkuwbabu bi rimakot gigov
86,"Iain paused, letting the boat drift, and looked down into the water.",vimkot zibobabu vil hewtohobu tezamivkot gadibu vil bagrapusbabu lalovpi leg kankot
87,"Schools of tiny sand eels darted beneath the cedar planks, completely visible in the pristine sea.",vukot putsetkot mekot voz hotdelbabu fi katitkot wagtugu vil wus kavodnuv lek durogukot zilo
88,"The constant, frantic noise that used to plague his mind in the city was entirely gone, replaced by the simple physical reality of the ocean.",zisrorekot giwno feta vil zebbabu hufmubu markot rusa lek zaskot demababu rupo widasombawubu vil hibibawubu fazud tokot gehler savasval sapkot
89,"""The current is starting to pull to the east,"" Clara said, pointing toward a narrow, gravelly slipway between the island's dark cliffs.",mippinirkot demababu tawbarobu dalebu vova nomsevo vil demsekwekot vuwbabu vil fodibarobu zu zipozkot dobilzel wol veguhof kelkot rotasa tevnaplekot
90,"""Aim for the gap in the rocks.",vosbu vova lefokot lek vuwpesakot
91,"There's a sheltered landing spot just below the beacon.""",fepkot bapikot rakukot demabu gemurat lalovpi nosukot
92,"Iain nodded, adjusting his grip on the smooth wooden handles.",vimkot hatezbabu vil melotbabambu wefuzkot rusa hov nuhiwukot tubo pow
93,"With a few stronger, deliberate strokes, he guided the boat into the calm waters of the island's lee.",rusa tapbabu tezamivkot leg kankot redna zulkot tevnaplekot vil tozmukot kev wezeham zadav
94,"The keel scraped softly against the white shingles of the beach, and Clara stepped out into the shallow surf to secure the line.",medlenkot hadbabu lene bamkutu winumekot hemi wovnakot vil demsekwekot wupliwbabu leg nokot gigov vil wehubu kubkot
95,They had made it.,finud hewtohobawubu rib
96,They tied the launch line securely to a rusted iron ring embedded in the shoreline rocks.,finud windosibabu kubkot kekfekot vowum vova humkot davkot bupi vil pikerisbadonbu lek vuwpesakot vudkot
97,"Together, Iain and Clara climbed the narrow, overgrown path that wound up the cliffs of Gull Island, heading toward the crumbling stone beacon.",lavmo vimkot vil demsekwekot zowubabu fokot dobilzel pof vil tabosapbabu fuslo kelkot tevnaplekot mosolekot vil widasombabambu zu nosukot dokot vurnada
98,"The air up here was cooler, filled with the sharp scent of wild thyme and the loud, echoing cries of nesting seabirds.",gewkot demababu losuvhaw vil mefabawubu vil pahekot vemozuz bakot gawgug vil zekarar mek dusakot pakot mudov
99,The beacon itself was a hollow shell of weathered gray granite.,nosukot rib demababu hipikot mumhuwa pidmakot resi semo
100,"Its roof had collapsed decades ago, leaving the interior open to the sky, but the thick walls still offered shelter from the Atlantic breeze.",rowigokot rib zopobbadonbu sodilnu hurruhabu vil zatobebawubu siheskot kav vova tipedkot huzli gogakekot votut foga potakbabu rakukot puvegu sarufukot durogukot sip
101,"As Iain stepped through the arched doorway, his boots crunched on the gravel and fallen mortar.",vimkot wupliwbabu hazih fenkot nafdafus vil zinkot rusa rulwavonbabu hov lulkot vil kogohikot zulwibawubu
102,In the center of the ruins sat a heavy stone pedestal that had once held the beacon's light.,kimgihkot dokot doda fimababu lek rizukkot gepdarkot vil zultekbadonbu maffikot nosukot vofu
103,"Tucked into a deep, protected niche at the base of the pedestal was something unexpected: a rusted, waterproof metal ammunition box.",gozezkot suskot sussutkot zufnuki bupi demababu hibubawubu leg detikot widol hi vova fafpukot kimgihkot vil rak
104,"Clara knelt down beside it, brushing away a layer of dried moss.",demsekwekot lebabu fazud rib vil gurbabu ludkot rabipvilkot muvzes puvegu
105,"""Your neighbor used to row out here every autumn,"" she whispered, looking up at Iain.",righevikot fansome vebabu padbe tinbobakot vil nim zelazunbabu vil nim bagrapusbabu fuslo vova vimkot
106,"""He told me he kept a log of the sea's behavior across fifty years.",rusa pagebabu wihimab vil rusa vashotebabu zeknekot fodkokot durogukot lasis nunokot kumdu
107,"I think this is where he hid it.""",wihimab mabbu wuksumzat demabu fuk rusa rigbabu rib
108,"With a stiff creak, the rusted latches gave way.",pukot bupi vofmobabu piwkot vil kahisekot pufozzam
109,"Inside, wrapped tightly in oilcloth, was not just a logbook, but a small leather pouch.",zekiskot tozorabadonbu fonas lek revokot vil huno vil siribkot favkeg wu vil lek
110,"Iain carefully unwrapped the cloth, revealing a weathered journal filled with dense, elegant diagrams of tides, weather patterns, and boat designs-and beneath it, a brass pocket compass engraved with Iain's own initials.",vimkot zun kavbabu sokot vil vababu fusniwkot semo mefabawubu vil lidrikot saloz tudze vohuwokot vil hedakot gardukot vil zovafkot tezamivkot vil fi rib mivikot gidahukot rakot sewbadonbu vil tanenkokot vimkot modazi
111,His neighbor had been planning this journey for him long before Iain even knew he needed to escape the city.,righevivif rusa demababu buhibarodonbu sepnekot wuksumzat vil vimvif zabwokkugbabu vil rusa mubabu forbu zaskot
